id,parent_id,categories,price,stock_status,catalog_visibility,status,sku,name
15200,15200,"Necklace’s,Single Line Pearl Set",11900,instock,visible,publish,SKPNAKSHI00002,Kalash Nakshi Balls Made In 92.5 Silver With Coral Balls &amp; Fresh Water Natural Pearls Necklace
15196,15196,"Exclusive Pearls Set,Luxury Pearl Set,Necklace’s",34900,instock,visible,publish,SKPNAKSHI00001,Kalash Nakshi Balls Made In 92.5 Silver With Fresh Water Natural Pearls Necklace
15189,15189,"Simple Pearl Necklace Set,Single Line Pearl Set",3399,instock,visible,publish,SKPWHITE11005,Modern Majestic Pearls Necklace Set
15128,15128,Single Line Pearl Set,7299,instock,visible,publish,SKPSINGLE2205,Mystic Premium Green Stone Studded Pendent Pearls Necklace Set
15100,15100,Button Pearl Set,5599,instock,visible,publish,,Alluring Round Pendent White Button Pearls Necklace
15096,15096,Button Pearl Set,5799,instock,visible,publish,SKPBUTTON30014,Sophisticated Round Pendent White Button Pearls Necklace
15092,15092,Button Pearl Set,5799,instock,visible,publish,SKPBUTTON30013,Zig Zag Swan Pendent White Button Pearls Necklace
15085,15085,Double Line Pearl Set,6999,instock,visible,publish,SKPDOUBLE70004,Enchanted Ruby Double Line Pearls Necklace Set
15081,15081,Double Line Pearl Set,6299,instock,visible,publish,SKPDOUBLE70003,Elegant Emerald &amp; Ruby Double Line Pearls Pendent Set
15076,15076,Double Line Pearl Set,9199,instock,visible,publish,SKPDOUBLE70002,Royal Ruby Double Line Pearls Pendent Set
15070,15070,Single Line Pearl Set,3099,instock,visible,publish,SKPWHITE11004,Classy Single Line Pearls Pendent Set
15066,15066,"Plain Grey Pearl Set,Single Line Pearl Set",6999,instock,visible,publish,SKPGREY11003,Beautiful Grey Round Pearls Pendent Set
15062,15062,Single Line Pearl Set,3099,instock,visible,publish,SKPPINK11002,Adorable Blush Pearls Pendent Set
15055,15055,Single Line Pearl Set,3099,instock,visible,publish,SKPPINK11001,Beautiful Pink Pearl Single Line Pendent Set
15036,15036,Button Pearl Set,5199,instock,visible,publish,SKPBUTTOM30012,Pretty Button Pearls Necklace Set
15016,15016,Button Pearl Set,6799,instock,visible,publish,SKPBUTTON30011,Designer Button Pearls Necklace Set
15010,15010,Button Pearl Set,5999,instock,visible,publish,SKPBUTTON30010,Elegant Button Pearls Necklace Set
15006,15006,Button Pearl Set,4999,instock,visible,publish,SKPBUTTON3009,Sophisticated Button Pearl Necklace Set
15001,15001,Fancy Pearl Set,4999,instock,visible,publish,,Adorable Mother Of Pearls Necklace
14991,14991,Button Pearl Set,5099,instock,visible,publish,SKPBUTTON3008,Royal Ruby Studded Button Pearl Necklace
14986,14986,Button Pearl Set,5999,instock,visible,publish,SKPBUTTON3007,Beautiful Pink &amp; White Button Pearls Necklace
14978,14978,Necklace’s,6999,instock,visible,publish,,"92.5 Silver Complete Pearl Set With Ring,Locket,Earrings &amp; Chain"
14933,14933,Button Pearl Set,4399,instock,visible,publish,skpbutton3006,Royal Pearl Studded Pendent Necklace Set
14913,14913,Button Pearl Set,,instock,visible,publish,,Designer Butoon Pearls Necklace
14909,14909,Button Pearl Set,4699,instock,visible,publish,SKPBUTTON3004,Alluring White Button Pearls Necklace
14896,14896,Double Line Pearl Set,6499,instock,visible,publish,SKPDOUBLE70001,Royal Ruby Pendent With Pearls Necklace Set
14876,14876,Button Pearl Set,4699,instock,visible,publish,SKPBUTTON30002,Exclusive White &amp; Pink Button Pearls Set
14852,14852,Pearl Hanging,1599,instock,visible,publish,,Beautiful Multicolour Pearls Hangings
14846,14846,Pearl Hanging,1099,instock,visible,publish,,Adorable Single Pearl Hangings
14844,14844,Pearl Hanging,1499,instock,visible,publish,,Designer Pearl Studded Hangings
14839,14839,Uncategorized,2199,instock,visible,publish,,Beautiful Multicolour Pearls Jhumka
14835,14835,Pearl Hanging,2299,instock,visible,publish,,Alluring Rice Pearls Jhumka
14830,14830,Pearl Hanging,1399,instock,visible,publish,,Designer 2 in 1 Pearl Hangings
14826,14826,Pearl Hanging,699,instock,visible,publish,,Fascinating Pink Pearls Hangings
14823,14823,Pearl Hanging,1099,instock,visible,publish,,Designer CZ Stone & Pearl Studded Hangings
14820,14820,Pearl Hanging,599,instock,visible,publish,,Classic Oval Pearl Hangings
14814,14814,Fancy Pearl Set,6899,instock,visible,publish,SHELLPEARL2,Adorable Mother Of Pearls Necklace
14803,14803,Single Line Pearl Set,1799,instock,visible,publish,SIMPLEPEARL,Shop Pearl Necklace &amp; Stud Earrings Set by Sri Krishna Pearls – Elegant Jewellery Online for Women
14777,14777,Necklace Set,7699,instock,visible,publish,SKPNECK60002,Designer Ruby &amp; Zircon Studded Pearl Necklace Set
14773,14773,Necklace Set,7499,instock,visible,publish,SKPNECK60001,Designer Emerald &amp; Ruby Pearls Necklace Set
14769,14769,Baroque Pearls,9799,instock,visible,publish,SKPBAROQUE50001,Designer Baroque Pearl Pendent With Baroque Pearls Single Line Necklace Set
14762,14762,Baroque Pearls,9999,instock,visible,publish,SKPBAROQUE50002,Baroque Pearl Pendent With Baroque Pearls Single Line Necklace Set
14756,14756,"Exclusive Pearls Set,Long Pearl Set,Luxury Pearl Set",23999,instock,visible,publish,,Designer MultiColour MultiLayers Long Pearls Necklace
14750,14750,Button Pearl Set,7499,instock,visible,publish,SKPBUTTON3001,Pure Elegance Button Pearls Necklace Set
14746,14746,"Luxury Pearl Set,Necklace Set,Pearl Necklace Sets",24000,instock,visible,publish,NECKLACE,Exquisite Luxurious Multi-Color Freshwater Pearl Necklace Set | Authentic Hyderabadi Pearls by Sri Krishna Pearls
14708,14708,Single Line Pearl Set,2699,instock,visible,publish,SKUSINGLE2204,Beautiful Single Line Pearl Necklace Set
14699,14699,Single Line Pearl Set,3499,instock,visible,publish,SKUSINGLE2202,Designer Single Line Pearls Necklace  Set
14685,14685,Pearl Bracelet,2299,instock,visible,publish,,92.5 Silver Single Line Five Pearl Bracelet
14682,14682,Pearl Bracelet,2099,instock,visible,publish,,92.5 Silver MultiColor Pearls Bracelet
14677,14677,Pearl Bracelet,3099,instock,visible,publish,,92.5 Silver Three Line Pearls Bracelet
14669,14669,Pearl Bracelet,2999,instock,visible,publish,,92.5 Silver Single Line Seven Pearls Bracelet
14666,14666,Pearl Bracelet,2199,instock,visible,publish,,92.5 Silver Single Line Five Pearls Bracelet
14662,14662,Pearl Bracelet,3299,instock,visible,publish,,92.5 Silver Double Line Round Pearls Bracelet
14659,14659,Pearl Bracelet,2999,instock,visible,publish,,92.5 Silver Double Line Bracelet
14652,14652,Chain’s,4999,instock,visible,publish,,Designer 92.5 Silver Double Line Pearls Chain
14647,14647,Chain’s,7899,instock,visible,publish,,Beautiful 92.5 Silver With Multi Pearls Long Chain
14641,14641,Chain’s,4699,instock,visible,publish,,92.5 Silver Seven Pearls Chain
14635,14635,Chain’s,4999,instock,visible,publish,,Eternal Shine 92.5 Silver Pearls Chain
14631,14631,Chain’s,3499,instock,visible,publish,,Designer 92.5 Silver Three Line Chain
14625,14625,Chain’s,3499,instock,visible,publish,,Adorable 92.5 Silver Seven Pearls Chain
14608,14608,Choker Set,16500,instock,visible,publish,,Royal Red Stone Studded Four Line Pearl Choker Set
14602,14602,Choker Set,5499,instock,visible,publish,,Charming Blue Stone Studded Three Pearls Choker Set
14599,14599,Choker Set,5499,instock,visible,publish,,Magnificent Emerald Studded Three Line Pearls Choker Set
14595,14595,Choker Set,3499,instock,visible,publish,,Royal Blue Stone Studded With Two Line Pearls Choker  Set
14592,14592,Choker Set,5499,instock,visible,publish,,Adorable Pink Quartz Pendent With Three Line Pearl Choker set
14589,14589,Choker Set,5499,instock,visible,publish,,Elegant Ruby Studded Two Line Pearl Choker Set
14586,14586,Choker Set,5499,instock,visible,publish,,Beautiful Emerald Pendent With Small Size Pearls Three Line Choker Set
14545,14545,Choker Set,5600,instock,visible,publish,CHOKAR,Beautiful Blue Quartz Pendent With Small Size Pearls Three Line Choker Set
14542,14542,Choker Set,16500,instock,visible,publish,,Royal Blue Stone Studded Four Line Pearl Choker Set
14484,14484,Choker Set,19999,instock,visible,publish,RUBYCHOKAR,Heritage Ruby Pendent &amp; Pearls Choker Set
14480,14480,Choker Set,14900,instock,visible,publish,DIAMONDCHOKAR,Designer Diamond Studded Pearls Choker Set
14477,14477,Choker Set,9999,instock,visible,publish,,Blue Quartz Studded Pearls Choker Set
14473,14473,Choker Set,14599,instock,visible,publish,,CZ Zircon Studded Floral Pendant Four Line Pearls Choker Set
14470,14470,Choker Set,21999,instock,visible,publish,,Exquisite Emerald &amp; Ruby Studded Pearl Choker Set
14467,14467,Choker Set,22000,instock,visible,publish,BLUECHOKER1,Luxurious Royal Blue Sapphire Studded Pearl Choker Set
14464,14464,Choker Set,9999,instock,visible,publish,,Ruby-Encrusted Pearl Choker Necklace Set
14460,14460,Choker Set,5999,instock,visible,publish,CHOKARPEARLS,Exclusive Zircon Studded Three Line Pearls Choker Set
14457,14457,Choker Set,5499,instock,visible,publish,,Designer Emerald And Zircon Studded Pearls Choker Set
14453,14453,Choker Set,11111,instock,visible,publish,,Green Stone Studded Floral Pendant Four Line Pearls Choker Set
14412,14412,Pearl Bracelet,1599,instock,visible,publish,,Beautiful Midnight Rose Pearls Bracelet
14408,14408,Pearl Bracelet,2199,instock,visible,publish,HALFROUNDPEARL,Classy Bangle Style Flat Pearls Bracelet
14405,14405,Pearl Bracelet,2399,instock,visible,publish,,Designer Two Line Pearls Bracelet
14402,14402,Pearl Bracelet,1999,instock,visible,publish,,Designer Three Pearl Bracelet
14399,14399,Pearl Bracelet,999,instock,visible,publish,,Adorable Multicolour Pearls Bracelet
14396,14396,Pearl Bracelet,999,instock,visible,publish,,Single Strand Pearls Bracelet
14392,14392,Pearl Bracelet,1899,instock,visible,publish,,Beautiful Multicolour Pearls Bracelet
14387,14387,Pearl Bracelet,1599,instock,visible,publish,BUTTONPEARL,Adorable Single Line Button Pearls Bracelet
14384,14384,Pearl Bracelet,3999,instock,visible,publish,,Designer Zircon Stones &amp; Pearls Studded Bracelet
14381,14381,Pearl Bracelet,1699,instock,visible,publish,,Elegent Multicolour Pearls Bracelet
14378,14378,Pearl Bracelet,1599,instock,visible,publish,,Pretty Multicolour Pearls Hanging Bracelet
14375,14375,Pearl Bracelet,1599,instock,visible,publish,,Adorable Two Line Pearls Bracelet
14370,14370,Pearl Bracelet,3499,instock,visible,publish,,Designer Pearls Studded Bracelet
14367,14367,Pearl Bracelet,2999,instock,visible,publish,,Beautiful Two Line Button Pearls Bracelet
14355,14355,Pearl Bracelet,1399,instock,visible,publish,,Designer Double Line Pearl Bracelet
14352,14352,Pearl Bracelet,3999,instock,visible,publish,,Pretty Flower Craving Pearls Bracelet
14349,14349,Pearl Bracelet,4999,instock,visible,publish,,Designer Twin Pearls Bracelet
14346,14346,Pearl Bracelet,1899,instock,visible,publish,,Classy Pink Pearls Bracelet
14333,14333,Pearl Bracelet,3399,instock,visible,publish,,Designer Double Line Black Button Pearls Bracelet
14328,14328,Pearl Bracelet,3299,instock,visible,publish,,Designer Double Line White Button Pearls Bracelet
14326,14326,Pearl Bracelet,2499,instock,visible,publish,,Designer Grey Button Pearls Bracelet
14321,14321,Pearl Bracelet,1399,instock,visible,publish,,Western Single Line Multicolor Pearl Bracelet
14318,14318,Pearl Bracelet,1599,instock,visible,publish,,Adorable Original Multicolour Pearls Bracelet
14315,14315,Pearl Bracelet,1599,instock,visible,publish,,Beautiful Small Pearls Bracelet
14311,14311,Pearl Bracelet,5499,instock,visible,publish,,Beautiful Button Pearls Bracelet
14284,14284,"Simple Pearl Necklace Set,Single Line Pearl Set",2699,instock,visible,publish,SKUKOREAN1104,Beautiful Heart Pendent With Pearls Necklace Set
14269,14269,"Fancy Pearls Sets,Single Line Pearl Set",3599,instock,visible,publish,SKUKOREAN1102,Adorable Butterfly Pendent With Pearl Studded Necklace
14259,14259,Pearls Earrings,1899,instock,visible,publish,,Timeless Silver Pearl Hangings
14256,14256,Pearls Earrings,1499,instock,visible,publish,,92.5 Silver Designer Pearl Hangings
14246,14246,"Fancy Pearl Set,Fancy Pearls Sets,Luxury Pearl Set",19999,instock,visible,publish,,Designer Jali Pearl Necklace Set
14243,14243,Double Line Pearl Set,6599,instock,visible,publish,,Radiant Multicolour Oval &amp; Flat Pearls Necklace
14239,14239,Double Line Pearl Set,7499,instock,visible,publish,,Imperial Radiance Green Stone Pearls Necklace
14235,14235,Double Line Pearl Set,6499,instock,visible,publish,,Classic Double Line Ruby Studded Pearls Necklace Set
14231,14231,Double Line Pearl Set,6999,instock,visible,publish,,Royal Harmony Twin-Line Ruby Emerald Pearls Set
14222,14222,"Broch Set,Double Line Pearl Set",9499,instock,visible,publish,,Graceful Red Stone Twin Line Broch Set
14218,14218,"Broch Set,Double Line Pearl Set,Long Pearl Set",9499,instock,visible,publish,,Graceful Greenstone Pearls Twin Line Broch Set
14214,14214,"Broch Set,Double Line Pearl Set,Long Pearl Set",9499,instock,visible,publish,,Emerald Elegance Double Line Pearls Broch Set
14206,14206,"Broch Set,Double Line Pearl Set,Long Pearl Set",9499,instock,visible,publish,,Elegent Two Side Broch Pearls Set
14201,14201,"Broch Set,Long Pearl Set",9499,instock,visible,publish,,Adorable Ruby Studded Two Line Broch Set
14197,14197,"Broch Set,Long Pearl Set,Three Line Pearl Necklace set",12500,instock,visible,publish,,Designer Emerald Studded Three Line Broch Set
14192,14192,Choker Set,14499,instock,visible,publish,,Designer Emerald Pendent Four Lines Pearls Chocker Set
14188,14188,"Broch Set,Double Line Pearl Set",9499,instock,visible,publish,,Designer Two lines Pearls Broch Set
14184,14184,"Broch Set,Double Line Pearl Set",9499,instock,visible,publish,,Alluring Two lines Pearls Broch Set
14179,14179,"Broch Set,Double Line Pearl Set",9499,instock,visible,publish,,Sophisticated Two lines Pearls Broch Set
14164,14164,Broch Set,8999,instock,visible,publish,,Radiant Two Line Broch Set
14138,14138,"Long Pearl Set,Luxury Pearl Set,Rani Haar",24999,instock,visible,publish,,Exclusive Rani Haar made with Rose Quartz Stone Pendant and Fresh Water Natural Pearls
14134,14134,"Exclusive Pearls Set,Three Line Pearl Necklace set",32500,instock,visible,publish,,Exclusive Peacock Necklace Set
14130,14130,Luxury Pearl Set,38900,instock,visible,publish,PREMIUMROUND,Glamorous Round Gradation Pearls Necklace
14104,14104,Rani Haar,17777,instock,visible,publish,,Designer CZ Stones Studded Pearls Mini Rani Haar
14099,14099,Rani Haar,24500,instock,visible,publish,,Exclusive Emerald Studded Pearls Necklace Set
14093,14093,Rani Haar,17777,instock,visible,publish,,Designer Berry Ruby Studded Pearls Mini Rani Haar
14087,14087,Rani Haar,28500,instock,visible,publish,,Designer Ruby and Emerald Studded Pearls Long Necklace Set
14083,14083,Rani Haar,32799,instock,visible,publish,,Royal Embrald Studded Pearls Long Necklace Set
14078,14078,Rani Haar,35000,instock,visible,publish,,Exquisite Emerald Studded Long Pearls Necklace Set
14070,14070,92.5 Silver Jewellery Pearls Earrings,3649,instock,visible,publish,,92.5 Silver Adorable Zircon Studded Earrings
14053,14053,"Luxury Pearl Set,Necklace’s",38900,instock,visible,publish,,92.5 Silver Swan Charm With Rose Quartz Stone Embosed Necklace Set
14048,14048,"Luxury Pearl Set,Necklace’s",34500,instock,visible,publish,,Aesthetic 92.5 Silver Green Stone Zari Polki with Round Natural Pearl Necklace Set
14043,14043,Luxury Pearl Set,48000,instock,visible,publish,,Heritage Heirloom 92.5 Silver Green Stone Zari Polki with Round Natural Pearl Necklace Set
14039,14039,"Luxury Pearl Set,Necklace’s",51900,instock,visible,publish,,Timeless Royalty 92.5 Silver Green Stone Zari Polki with Round Natural Pearl Necklace Set
14034,14034,"Luxury Pearl Set,Necklace’s",84000,instock,visible,publish,,Pearl Royale - South Sea Pearls With 92.5 Silver Pendent Necklace
14029,14029,"Luxury Pearl Set,Necklace’s",49999,instock,visible,publish,,Exclusive 92.5 Silver Emerald Green Stone Zari Polki With Pearl Necklace Set
14011,14011,"Luxury Pearl Set,Necklace’s",19900,instock,visible,publish,,Embellishing 92.5 Silver Green Stone Zari Polki with Round Natural Pearl Necklace Set
13974,13974,Pearls Earrings,1499,instock,visible,publish,,92.5 Silver Leaf Pearl Hangings
13970,13970,Pearls Earrings,1899,instock,visible,publish,,92.5 Silver Adorable Pearl Hangings
13966,13966,Pearls Earrings,1899,instock,visible,publish,925SILVER3,92.5 Silver Pearl Studded Earrings
13963,13963,Pearls Earrings,1499,instock,visible,publish,,92.5 Silver Designer Pearl Studded Hangings
13960,13960,Pearls Earrings,1899,instock,visible,publish,,92.5 Silver Trinity Pearl Studded Earrings
13957,13957,Pearls Earrings,2199,instock,visible,publish,,92.5 Silver Chaplet Pearl Studds
13954,13954,Pearls Earrings,2199,instock,visible,publish,,92.5 Silver Chaplet Pearl Studds
13951,13951,Pearls Earrings,1599,instock,visible,publish,,92.5 Silver Loop Pearl Hangings
13947,13947,Pearls Earrings,2199,instock,visible,publish,,92.5 Silver Adorable Pearl Studded Earrings
13944,13944,Pearls Earrings,1599,instock,visible,publish,,92.5 Silver Beautiful Pearl Hangings
13941,13941,Pearls Earrings,2199,instock,visible,publish,,92.5 Silver Designer Pearl Hangings
13938,13938,Pearls Earrings,2199,instock,visible,publish,,92.5 Silver Adorable Pearl Hangings
13935,13935,Pearls Earrings,2199,instock,visible,publish,,92.5 Silver Heart Shape Pearl Hangings
13920,13920,Pearls Earrings,2199,instock,visible,publish,925SILVER4,92.5 Silver Beautiful Leaf Pearl Studds
13910,13910,Pearls Earrings,2199,instock,visible,publish,,92.5 Silver Attractive Pearl Studds
13907,13907,Pearls Earrings,2199,instock,visible,publish,,92.5 Silver Designer Pearl Hangings
13903,13903,Pearls Earrings,2199,instock,visible,publish,,92.5 Silver Cute Mickey Pearl Hangings
13900,13900,Pearls Earrings,2199,instock,visible,publish,,92.5 Silver Unique Crown Shaped Pearl Hangings
13895,13895,Chain’s,15950,instock,visible,publish,,92.5  Silver Braclet With Lock And key
13891,13891,92.5 Silver Jewellery,2450,instock,visible,publish,,92.5 Pure Silver Three Line Braclet
13888,13888,92.5 Silver Pearl Jewellery,1850,instock,visible,publish,,92.5 Pure Silver Twister Braclet
13875,13875,Chain’s,7900,instock,visible,publish,,92.5 Pure Silver Three Line Thick Chain
13871,13871,Chain’s,6600,instock,visible,publish,,92.5 Pure Silver Twister Chain
13866,13866,Chain’s,4095,instock,visible,publish,,92.5 Silver Classy Chain
13862,13862,Chain’s,10400,instock,visible,publish,,92.5 Silver Designer Twister Chain
13853,13853,Chain’s,5225,instock,visible,publish,,92.5 Pure Silver Designer Chain
13847,13847,Pearl Studs Earrings,1199.00,instock,visible,publish,STUDS1,Adorable Pearl Studds
13837,13837,Pearl Hanging,1199.00,instock,visible,publish,,Designer Pearl Hangings
13834,13834,Pearl Studs Earrings,1099.00,instock,visible,publish,,Flower Petals Pearl Studds
13831,13831,92.5 Silver Jewellery Pearls Earrings,1800,instock,visible,publish,,92.5 Silver Post Pin Cute Pearl Studds
13828,13828,Pearl Hanging,1499,instock,visible,publish,,Adorable Flora Oyster Pearl Hangings
13825,13825,92.5 Silver Jewellery Pearls Earrings,1199,instock,visible,publish,,Cute Pearl Hangings
13823,13823,Pearl Hanging,1200,instock,visible,publish,,Designer Pearl Hangings
13820,13820,Pearl Studs Earrings,499,instock,visible,publish,,Beautiful Brown Pearl Studds
13802,13802,92.5 Silver Pearl Jewellery,2199,instock,visible,publish,,92.5 Pure Silver  Flower Pearl Earrings
13798,13798,92.5 Silver Pearl Jewellery,1399,instock,visible,publish,,Flower Pearl Studds
13795,13795,Pearls Earrings,1250,instock,visible,publish,,92.5 Silver Post Pin Designer Pearl Studds
13792,13792,Pearl Studs Earrings,1199,instock,visible,publish,STUDS2,Big Pearl Studds
13790,13790,Pearls Earrings,1600,instock,visible,publish,,92.5 Silver Post Pin Tiny Pearl Studds
13787,13787,Uncategorized,1399,instock,visible,publish,,92.5 Silver Post Pin Cute Pearl Studds
13784,13784,Uncategorized,1399,instock,visible,publish,,92.5 Silver Post Pin Pearl Studds
13781,13781,Pearls Earrings,1399,instock,visible,publish,,92.5 Silver Post Pin Pearl  Hangings
13778,13778,Pearls Earrings,1800,instock,visible,publish,,92.5 Silver Post Pin Cute Pearl Studds
13775,13775,Pearls Earrings,1800,instock,visible,publish,,92.5 Silver Post Pin Adorable Pearl Hangings
13772,13772,Pearls Earrings,1199,instock,visible,publish,,92.5 Silver Post Pin Designer Pearl Hangings
13768,13768,Pearls Earrings,1800,instock,visible,publish,,92.5 Silver Post Pin Designer Pearl  Hangings
13765,13765,92.5 Silver Pearl Jewellery,1299,instock,visible,publish,,92.5 Silver Post Pin Pearl Studds
13762,13762,92.5 Silver Pearl Jewellery,1599,instock,visible,publish,EARRING1,92.5 Silver Post Pin Pearl Round Hangings
13759,13759,92.5 Silver Pearl Jewellery,1299,instock,visible,publish,,92.5 Silver Post Pin Pearl Leaf Hangings
13756,13756,"92.5 Silver Jewellery Pearls Earrings,92.5 Silver Pearl Jewellery",1399,instock,visible,publish,,92.5 Silver Post Pin Pearl Rectangular Hangings
13753,13753,92.5 Silver Jewellery Pearls Earrings,1800,instock,visible,publish,,92.5 Silver Post Pin Pearl Hangings
13741,13741,"92.5 Silver Jewellery Pearls Earrings,92.5 Silver Pearl Jewellery",1199,instock,visible,publish,,92.5 Silver Post Pin Pearl Studded Earrings
13738,13738,92.5 Silver Jewellery,1800,instock,visible,publish,,92.5 Silver Post Pin Pink Pearl Studs
13735,13735,92.5 Silver Jewellery Pearls Earrings,1800,instock,visible,publish,,92.5 Silver Post Pin Blossom Pearl Studds
13731,13731,92.5 Silver Pearl Jewellery,1199,instock,visible,publish,,92.5 Silver Post Pin Butterfly Hangings
13717,13717,92.5 Silver Pearl Jewellery,1800,instock,visible,publish,,92.5 Silver Post Pin Emerald Studded Hangings
13675,13675,Pearl Hanging,999,instock,visible,publish,,Arrowhead Pearl Hangings
13672,13672,Pearl Hanging,999,instock,visible,publish,,Arrowhead Pearl Hangings
13669,13669,Pearl Hanging,1149.00,instock,visible,publish,,Blossom Pearl Hangings
13666,13666,Pearl Hanging,1149.00,instock,visible,publish,,Blossom Pearl Hangings
13663,13663,"Pearl Hanging,Uncategorized",1999.00,instock,visible,publish,,Lavish Pearl Studded Hangings
13660,13660,Pearl Hanging,2599,instock,visible,publish,EARRING2,Lavish Pearl Studded Hangings
13654,13654,Pearl Studs Earrings,1099.00,instock,visible,publish,,Elegant Pearl Studded Earrings
13647,13647,Pearl Hanging,1149.00,instock,visible,publish,,Flora Pearl Hangings
13644,13644,Pearl Hanging,1149.00,instock,visible,publish,,Flora Pearl Hangings
13641,13641,Pearl Hanging,1349,instock,visible,publish,,Pretty Pearl Hangings
13638,13638,Pearl Hanging,1349,instock,visible,publish,,Pretty Pearl Hangings
13631,13631,Pearl Studs Earrings,2199,instock,visible,publish,,Designer Pearl Studded Earrings
13628,13628,Pearl Hanging,1349,instock,visible,publish,,Elegant Pearl Hangings
13625,13625,Pearl Studs Earrings,1099.00,instock,visible,publish,,Cute Pearl Studded Earrings
13622,13622,Pearl Hanging,1449,instock,visible,publish,,Designer Pearl Hangings
13620,13620,"Pearl Hanging,Uncategorized",1149.00,instock,visible,publish,,Elagent Pearl Hangings
13618,13618,Pearl Hanging,1249,instock,visible,publish,,Exquisite Pearl Hangings
13612,13612,Pearl Hanging,1349,instock,visible,publish,,Elegant Pearl Hangings
13609,13609,Pearl Studs Earrings,1349,instock,visible,publish,,
13599,13599,Pearl Hanging,1499,instock,visible,publish,,Adorable Pearl Hangings
13596,13596,Pearl Hanging,1349,instock,visible,publish,,Designer Pearl Hangings
13592,13592,Pearl Hanging,1349,instock,visible,publish,,Designer Pearl Hangings
13589,13589,Plain Pink Pearl Set,24999,instock,visible,publish,,Multicolour Pink Natural Pearl Set.
13582,13582,Button Pearl Set,4999,instock,visible,publish,,Elegant Button Pearl Studded Necklace Set
13577,13577,Button Pearl Set,7499,instock,visible,publish,,Elegant Button Pink Pearl Studded Set
13572,13572,Button Pearl Set,7499,instock,visible,publish,,Designer Button Pearl Zig Zag Set
13541,13541,Fancy Pearl Set,16499,instock,visible,publish,,Designer Leaf And Flower Necklace Set
13536,13536,Broch Set,14499,instock,visible,publish,,Designer Two Side Broch Set
13520,13520,Broch Set,14499,instock,visible,publish,,Designer Two Side Broch Set
13423,13423,Fancy Pearl Set,6899,instock,visible,publish,MOTHERPEARL1,Adorable Mother Of Pearls Necklace
13416,13416,"Emerald,Rani Haar",22499,instock,visible,publish,,Designer Goddess Laxmi Oxidised Pendent Set
13407,13407,"Designer sets,Emerald,Uncategorized",,instock,visible,publish,,Exclusive Emeralds Pendant Set Necklace
13380,13380,Gift-product,0,instock,visible,publish,,not-for-sale-3
13379,13379,Gift-product,0,instock,visible,publish,,not-for-sale-2
13378,13378,Gift-product,0,instock,visible,publish,,not-for-sale-1
13354,13354,"Luxury Pearl Set,Rani Haar",38999,instock,visible,publish,,Oxidised Jewellery Set With Natural Pearls
13346,13346,Double Line Pearl Set,6499,instock,visible,publish,SKP14PEARLS,Beautiful Ruby &amp; Pearl Hangings Pendent Set
13338,13338,Double Line Pearl Set,6499,instock,visible,publish,,Designer Emerald &amp; Pearl Drop Pendent Set
13330,13330,Double Line Pearl Set,6199,instock,visible,publish,ROSEQUARTZ,Beautiful Rose Quartz &amp; Pearl Drop
13320,13320,Double Line Pearl Set,6099,instock,visible,publish,,Elegant Emerald &amp; Pearl Hangings Pendent Set
13310,13310,Double Line Pearl Set,15999,instock,visible,publish,RUBYPEARL,Beautiful Ruby &amp; Pearl Studded Necklace
13305,13305,Double Line Pearl Set,6099,instock,visible,publish,,Classy Pearl Necklace Set
13300,13300,Double Line Pearl Set,7999.00,instock,visible,publish,,Designer Pearl Necklace Set.
13290,13290,Choker Set,10999,instock,visible,publish,,Designer Three Row Choker Red Pendant Set
13282,13282,Three Line Pearl Necklace set,13499,instock,visible,publish,,Exclusive Ruby &amp; Pearl Studded Necklace Set
13277,13277,Three Line Pearl Necklace set,13499,instock,visible,publish,,Exclusive Emerald &amp; Pearl Studded Necklace Set
13267,13267,Three Line Pearl Necklace set,22499,instock,visible,publish,,Emerald &amp; Pearl Studded Three Rows Set
13262,13262,Three Line Pearl Necklace set,13499,instock,visible,publish,,Three Rows Ruby Pearl Locket Necklace Set
13258,13258,Three Line Pearl Necklace set,13499,instock,visible,publish,,Exclusive Pearl Studded Necklace Set
13243,13243,Plain Grey Pearl Set,49999,instock,visible,publish,,Aesthetic Shades of Pearls Necklace Set
13240,13240,"Plain Grey Pearl Set,Uncategorized",25499,instock,visible,publish,,Aesthetic Voilet Shade Pearls Necklace.
13220,13220,Single Line Pearl Set,3199,instock,visible,publish,,Beautiful Flora Pearls Studded Pendent Set
13214,13214,Single Line Pearl Set,3199,instock,visible,publish,,Designer Pearl Studded Pendent Set
13210,13210,Single Line Pearl Set,3999,instock,visible,publish,,Designer Pink Pearl hanging Pendent Set
13206,13206,Single Line Pearl Set,3499,instock,visible,publish,,Designer Hanging Pearls Locket Set
13199,13199,Single Line Pearl Set,3199,instock,visible,publish,,Adorable Pearls & Red Stone Pendent Set
13189,13189,Single Line Pearl Set,3699,instock,visible,publish,3999,Beautiful Ruby &amp; Pearls Studded Locket Set
13184,13184,Single Line Pearl Set,3199,instock,visible,publish,,Designer Pearl Studded Pendent Set
13174,13174,Single Line Pearl Set,3999,instock,visible,publish,,Beautiful Flower Pearl Studded Pendent Set
13167,13167,Single Line Pearl Set,3999,instock,visible,publish,,Beautiful Flora Pearl Studded Pendent Set
13161,13161,Single Line Pearl Set,3999,instock,visible,publish,,Designer Handcrafted Pearl Pendent Set
13156,13156,Single Line Pearl Set,3999,instock,visible,publish,,Beautiful Flower Pearl Studded Pendent Set
13150,13150,Single Line Pearl Set,3699,instock,visible,publish,,Beautiful Pearls &amp; Ruby Studded Locket Set
13144,13144,Single Line Pearl Set,2999,instock,visible,publish,SKP11,Beautiful Ruby &amp; Pearl Studded Pendant Set
13133,13133,Single Line Pearl Set,2999.00,instock,visible,publish,,Beautiful Emerald &amp; Pearl Studded Pendant Set
13127,13127,Single Line Pearl Set,3999,instock,visible,publish,,Beautiful Ruby & Pearls Studded Locket Set
13115,13115,Single Line Pearl Set,3699,instock,visible,publish,2RUBYPEARL,Adorable Pearls &amp; Ruby Studded Locket Set
13107,13107,Broch Set,14999,instock,visible,publish,,Exclusive Ruby &amp; Pearl Studded Brooch Set
13103,13103,Necklace Set,7999,instock,visible,publish,,Designer Flower Ruby &amp; Pearl Hanging Necklace Set.
13091,13091,Necklace Set,7999,instock,visible,publish,EMERALDPEARLNECKLACE1,Designer Flower Emerald &amp; Pearl Hanging Necklace Set.
13087,13087,Necklace Set,7599,instock,visible,publish,EMERALDPEARLNECKLACE,Designer Emerald &amp; Pearl Studded Necklace set.
13082,13082,Necklace Set,7599,instock,visible,publish,RUBYPEARLNECKLACE,Designer Ruby &amp; Pearl Studded Necklace set.
13077,13077,Designer sets,7999,instock,visible,publish,,Classy Round Pink Pearl Grading Oyster Pearl Necklace
13071,13071,Pearl Pendent Set,2499,instock,visible,publish,,Fancy Scattered Black Pearl Set
13066,13066,Baroque Pearls,9999,instock,visible,publish,,Beautiful Floral Black Pearl Necklace Set
13060,13060,Baroque Pearls,12999,instock,visible,publish,,Adorable Floral Peach Pearl Necklace
13065,13065,Uncategorized,,instock,visible,publish,,add gift
13056,13056,Baroque Pearls,13999,instock,visible,publish,,Beautiful Floral Pearl Necklace Set
13053,13053,Baroque Pearls,27999,instock,visible,publish,,Adorable Flora Design Baroque Pearl Set
13050,13050,Baroque Pearls,13999,instock,visible,publish,,Floral Cream Pearl Necklace
13040,13040,Designer sets,8100,instock,visible,publish,,Exclusive Pearl Oyster Necklace
13032,13032,Baroque Pearls,25999,instock,visible,publish,,Floral Peach Pearl Necklace
12998,12998,"Fancy Pearl Set,Single Line Pearl Set",3499,instock,visible,publish,,Attractive Pearl Studded Pendet Set
12993,12993,Single Line Pearl Set,3499,instock,visible,publish,SKP12PEARLS,Adorable Pearl Studded Pendent Set
12978,12978,Single Line Pearl Set,3499,instock,visible,publish,,Adorable Single Line Flower Petal Pendent Set
12952,12952,Pearl Studs Earrings,699,instock,visible,publish,,Classic Pearl Studded Earrings
12943,12943,Pearl Studs Earrings,799,instock,visible,publish,,Regular Wear Original Pearls Studs With Micro Rhodium Gold Plating Cover
12940,12940,Precious Stones Studs,1299,instock,visible,publish,,Adorable Ruby &amp; Emerald Pearl Studded Earrings
12937,12937,Precious Stones Studs,1999,instock,visible,publish,,Designer Ruby &amp; Emerald Pearl Studded Earrings
12934,12934,Precious Stones Studs,1699,instock,visible,publish,,Adorable Ruby Studded Earrings
12932,12932,Precious Stones Studs,1799,instock,visible,publish,,Adorable Pink Stone Pearl Studded Earrings
12930,12930,Precious Stones Studs,1799,instock,visible,publish,,Adorable Multistone Pearl Studded Earrings
12925,12925,Precious Stones Studs,1799,instock,visible,publish,,Adorable Pink Stone Pearl Studded Earrings
12922,12922,Precious Stones Studs,1799,instock,visible,publish,,Adorable Flower Design Earrings
12919,12919,Precious Stones Studs,1999,instock,visible,publish,,Beautiful Coral Pearl Studded Earrings
12916,12916,Precious Stones Studs,1999,instock,visible,publish,,Designer Blue Stone Pearl Studded Earrings
12910,12910,Precious Stones Studs,1999,instock,visible,publish,,Adorable Ruby &amp; Emerald Pearl Studded Earrings
12907,12907,Pearl Studs Earrings,2099,instock,visible,publish,STUDS3,Adorable Pearls Studded Earrings
12904,12904,Precious Stones Studs,1999,instock,visible,publish,,Beautiful Sunflower Ruby Pearl Studded Earrings
12901,12901,Precious Stones Studs,1999,instock,visible,publish,,Beautiful Multistone Pearl Studded Earrings
12897,12897,Precious Stones Studs,1999,instock,visible,publish,,Beautiful Flower Pearl Studded Earrings
12894,12894,Precious Stones Studs,1999,instock,visible,publish,,Adorable Pearl Studded Earrings
12891,12891,Precious Stones Studs,1999,instock,visible,publish,,Beautiful Ruby &amp; Emerald Studded Earrings
12885,12885,Precious Stones Studs,1999,instock,visible,publish,EMERALDPEARLSTUDS,Designer Emerald Pearl Studded Earrings
12882,12882,Precious Stones Studs,1999,instock,visible,publish,,Designer Multistone Pearl Studded Earrings
12879,12879,Precious Stones Studs,1999,instock,visible,publish,,Beautiful Ruby Studded Earrings
12876,12876,Precious Stones Studs,1999,instock,visible,publish,,Beautiful Pearl Studded Ruby Earings
12873,12873,Precious Stones Studs,1999,instock,visible,publish,,Designer Navratna Pearl Studded Earings
12870,12870,Precious Stones Studs,1999,instock,visible,publish,RUBYPEARLSTUDS,Designer Flower Ruby Pearl Studded Earings
12867,12867,Precious Stones Studs,1999,instock,visible,publish,,Designer Flower Ruby &amp; Emerald Pearl Studded Earings
12862,12862,Precious Stones Studs,1999,instock,visible,publish,,Sunflower Ruby Pearls Studded Earings
12856,12856,Chain’s,2349,instock,visible,publish,,92.5 Silver Designer Chain.
12852,12852,92.5 Silver Pearl Jewellery,2970,instock,visible,publish,,92.5 Silver Designer Chain
12847,12847,Chain’s,5999,instock,visible,publish,,92.5 Silver Designer Chain.
12843,12843,Chain’s,2025,instock,visible,publish,,92.5 Silver Designer Chain.
12838,12838,Chain’s,3790,instock,visible,publish,,92.5 Silver Designer Chain
12829,12829,Chain’s,3100,instock,visible,publish,,92.5 Silver Designer Three Line Chain
12823,12823,Chain’s,3555,instock,visible,publish,,92.5 Silver Designer Chain
12820,12820,Chain’s,1599,instock,visible,publish,,92.5 Silver Chain
12817,12817,Chain’s,9225,instock,visible,publish,,92.5 Sliver Unique Five Line Chain
12802,12802,Chain’s,2699,instock,visible,publish,,92.5 Silver Designer Pearl Studded Locket
12797,12797,Uncategorized,1999,instock,visible,publish,,92.5 Silver Chain With Beautiful Pendent Set
12793,12793,Chain’s,3950,instock,visible,publish,,92.5 Silver Designer Pearl Studded Pendent Set
12787,12787,92.5 Silver Pearl Jewellery,3950,instock,visible,publish,,92.5 Silver Beautiful Flower Pendent Set
12778,12778,Bangles,15525,instock,visible,publish,,92.5 Silver Classy Bangels
12750,12750,92.5 Silver Pearl Jewellery,2699,instock,visible,publish,,92.5 Silver Designer Ruby Earings
12745,12745,92.5 Silver Pearl Jewellery,2699,instock,visible,publish,,92.5 Silver Adorable Ruby Studded Earings
12703,12703,Pearls Earrings,2199,instock,visible,publish,,92.5 Silver Unique Sun Shaped Pearl Hangings
12700,12700,Pearls Earrings,2199,instock,visible,publish,,92.5 Silver Designer Pearl Studded Earings
12697,12697,Pearls Earrings,2199,instock,visible,publish,,92.5 Silver Rhombus Pearl Hangings
12687,12687,Pearls Earrings,2199,instock,visible,publish,,92.5 Silver Traditional Pearl Studded Earings
12681,12681,Pearls Earrings,2199,instock,visible,publish,,92.5 Silver Rhombus Pearl Hangings
12678,12678,Pearls Earrings,2199,instock,visible,publish,,92.5 Silver Designer Pearl Studded Earings
12672,12672,Pearls Earrings,2199,instock,visible,publish,,92.5 Silver Cute Pearl Studded Earings
12666,12666,Pearl Studs Earrings,2199,instock,visible,publish,,92.5 Silver Adorable Pearl Studded Earings
12657,12657,Pearl Hanging,2199,instock,visible,publish,,92.5 Silver Cute Pearl Earings
12651,12651,Pearl Studs Earrings,2199,instock,visible,publish,,92.5 Silver Adorable Pearl Studded Earings
12638,12638,Pearls Earrings,2199,instock,visible,publish,,92.5 Silver Beautiful Star Shape Pearl Earings
12634,12634,Pearl Studs Earrings,2199,instock,visible,publish,,92.5 Pure Silver Small Pearls Studded Earrings
12621,12621,"Choker Set,Exclusive Pearls Set",9499,instock,visible,publish,,"Attractive Designer Pearl, Ruby &amp; Emerald Choker Pendant Set"
12608,12608,"Choker Set,Designer sets",5899,instock,visible,publish,,Exclusive Chocker Button Pearl Ruby Set
12604,12604,Plain Black Pearl Set,7999,instock,visible,publish,,Round Black Pearl
12602,12602,"Choker Set,Luxury Pearl Set,Ruby",27999,instock,visible,publish,,Luxurious Ruby Studded Pearl Choker with Original Ruby Strands
12597,12597,Choker Set,8499.00,instock,visible,publish,,Exclusive Designer Three Row Chokar Ruby
12589,12589,"Choker Set,Designer sets",14999.00,instock,visible,publish,CHOKARTRADITIONAL,Exclusive Nizami Pearl Choker Set Four Line
12570,12570,"Designer sets,Exclusive Pearls Set,Fancy Pearls Sets,Luxury Pearl Set",23999.00,instock,visible,publish,,Premium Design Pink and White Jali Pearl Necklace
12555,12555,"Broch Set,Button Pearl Set,Designer sets,Long Pearl Set",12100,instock,visible,publish,BUTTONPEARL2,Designer Button Pearl Side Brooch Pendant Set
12540,12540,"Button Pearl Set,Choker Set,Designer sets",6499.00,instock,visible,publish,,Designer Pearl Choker Set Three Row (Ruby)
12528,12528,"Fancy Pearls Sets,Three Line Pearl Necklace set",11111.00,instock,visible,publish,,Exclusive Three Line Pearls &amp; Semi Precious Stone (Blue Sapphire)
12525,12525,"Luxury Pearl Set,Plain Pink Pearl Set",15999,instock,visible,publish,,Royal Pink Pearls Three Strands Set
12521,12521,"Luxury Pearl Set,Plain Black Pearl Set,Plain Grey Pearl Set",17999,instock,visible,publish,,Aesthetic Grey Shade Pearls Three Strands Set
12504,12504,"Single Line Pearl Set,Uncategorized",2999,instock,visible,publish,NATURALPEARL,Beautiful Button Pearl Locket Set
12498,12498,"Pearl Necklace Sets,Single Line Pearl Set",4200,instock,visible,publish,,Elegant Pearl Set With Ruby Locket Set
12497,12497,"Baroque Pearls,Designer sets,Plain Pink Pearl Set",16500,instock,visible,publish,AABRQMLTI,Baroque Pearls
12494,12494,"Double Line Pearl Set,Fancy Pearls Sets,Uncategorized",7499,instock,visible,publish,AADBEMRDSU,Adorable Double Strand Pearl Set
12488,12488,"Baroque Pearls,Luxury Pearl Set,Plain Pink Pearl Set",17600,instock,visible,publish,AAGDBRQPK,Royal Baroque Pearls Set
12483,12483,Single Line Pearl Set,3199,instock,visible,publish,TURQUOISESG,Natural Single Line Pearls with Turquoise Locket Set
12472,12472,Double Line Pearl Set,22499,instock,visible,publish,,Exclusive Button Pearls Two Line Necklace.
12468,12468,Single Line Pearl Set,3999,instock,visible,publish,,Traditional Pearls Set with Emerald Locket
12464,12464,Single Line Pearl Set,3699,instock,visible,publish,SKP15,"Exclusive Single Line Pearl Necklace with Navratna Locket by Krishna Pearls, Hyderabad"
12451,12451,"Pearl Necklace Sets,Single Line Pearl Set",3699,instock,visible,publish,PEARLS3,Single Line Natural Pearl Set with Ruby and Button Pearl Accents
12437,12437,"Precious Stones,Ruby",6499,instock,visible,publish,RUBYPEARLS2LINE,Elegant Two-Line Freshwater Natural Pearl Necklace Ruby Semi-Precious Stone Locket
11911,11911,Designer sets,13500,instock,visible,publish,,Gorgeous Black Pearl & Oyster Shell Flora Necklace
11896,11896,"Baroque Pearls,Designer sets,Fancy Pearl Set",15990,instock,visible,publish,,Designer Baroque Pearl With Oyster Flower
11894,11894,Plain White Pearl Set,11777,instock,visible,publish,3LINEPEARLS,Elegant Pearl Necklace
11880,11880,"Exclusive Pearls Set,Plain White Pearl Set",11000,instock,visible,publish,,Classy Pearl & Emerald Beautiful Necklace
11695,11695,Pearl Bracelet,3900,instock,visible,publish,,Simple Black Pearl Braclet
11692,11692,Plain Black Pearl Set,6500,instock,visible,publish,,Black Grading Pearl Necklace
11691,11691,Long Pearl Set,15500,instock,visible,publish,,Elegant Pearl & Sapphire Necklace
11652,11652,Long Pearl Set,15500,instock,visible,publish,,Classy Coral & Pearl Long Necklace
11651,11651,Plain White Pearl Set,9000,instock,visible,publish,,Gorgeous Multi Colour Pearl Necklace
11650,11650,Plain White Pearl Set,6900,instock,visible,publish,,Adorable Premium Looking Pearl Necklace
11649,11649,"Long Pearl Set,Luxury Pearl Set",29000,instock,visible,publish,,Gorgeous Multilayered Long Pearl Necklace
11647,11647,Plain Pink Pearl Set,11900,instock,visible,publish,,Gorgeous Round Pearl Long Necklace
11643,11643,Plain White Pearl Set,8900,instock,visible,publish,,Beautiful Oval Multi Colour Necklace
11642,11642,Plain Pink Pearl Set,4500,instock,visible,publish,,Plain Pink Pearl Necklace
11641,11641,Long Pearl Set,15500,instock,visible,publish,,Classy Pink Pearl Long Necklace
11625,11625,"Long Pearl Set,Luxury Pearl Set",24990,instock,visible,publish,,Multilayers Long Pearl Designer Necklace
11624,11624,"Plain Pink Pearl Set,Plain White Pearl Set",7500,instock,visible,publish,,Elegant White & Pink Pearl Necklace
11623,11623,"Exclusive Pearls Set,Plain Pink Pearl Set,Plain White Pearl Set",11500,instock,visible,publish,,Exclusive Pearl Necklace
11622,11622,"Long Pearl Set,Plain White Pearl Set",24000,instock,visible,publish,,Stunning Long Pearl Necklace
11613,11613,"Exclusive Pearls Set,Plain Pink Pearl Set,Plain White Pearl Set",8000,instock,visible,publish,,Elegant Pearl Necklace White & Pink
11612,11612,"Long Pearl Set,Plain White Pearl Set",19000,instock,visible,publish,,Designer Oval & Flat Mix Long Pearl Necklace
11530,11530,Pearl Studs Earrings,700,instock,visible,publish,SKPPEARL5,White Pearl Studs
11529,11529,Pearl Studs Earrings,1900,instock,visible,publish,,Gray Pearl Studs Big
11527,11527,Pearl Studs Earrings,1400,instock,visible,publish,,Golden Pearl Studs
11526,11526,Pearl Studs Earrings,1500,instock,visible,publish,,Black Pearl Studs Big
11524,11524,"Plain Pink Pearl Set,Plain White Pearl Set",11000,instock,visible,publish,,Most Lustrous White &amp; Pink Necklace
11522,11522,"Plain Pink Pearl Set,Plain White Pearl Set",9000,instock,visible,publish,,Designer Round Pearl Grading White & Pink Mix
11521,11521,Pearl Studs Earrings,1200,instock,visible,publish,,Light Pink Plain Pearl Studs
11520,11520,"Plain Pink Pearl Set,Plain White Pearl Set",3400,instock,visible,publish,,Classy White &amp; Pink Mix Pearl Set
11519,11519,"Plain Pink Pearl Set,Plain White Pearl Set",8500,instock,visible,publish,,Designer Shading Pearl Necklace Lighter To Darker
11518,11518,Plain Pink Pearl Set,5500,instock,visible,publish,,Attractive Pink Pearl Grading Necklace
11442,11442,Plain Pink Pearl Set,6999,instock,visible,publish,,Beautiful Pink Pearl Necklace
11439,11439,Plain White Pearl Set,13000,instock,visible,publish,,Royal Round Pearl 12mm Necklace
11437,11437,Plain White Pearl Set,7999,instock,visible,publish,,Stunning Oval Pearl Grading Two Line
11436,11436,Plain White Pearl Set,2500,instock,visible,publish,,Beautiful Oval Pearl Necklace
11435,11435,Plain White Pearl Set,2999,instock,visible,publish,,Classy Plain Pearl Necklace
11386,11386,Plain White Pearl Set,9000,instock,visible,publish,,Gorgeous Round Pearl Two Line Necklace
11376,11376,Plain White Pearl Set,5500,instock,visible,publish,,Classy Round Pearl 6mm
11199,11199,Double Line Pearl Set,5499,instock,visible,publish,,Elegant Pearl Necklace
11152,11152,Double Line Pearl Set,5499,instock,visible,publish,,Sparkling Pearl & Emerald Set
10791,10791,"Plain Pink Pearl Set,Plain White Pearl Set",11000,instock,visible,publish,skp74849,Oval Multi Colour Pearl Set
10692,10692,Single Line Pearl Set,2899,instock,visible,publish,,Simple Pearl Necklace Set
10681,10681,Single Line Pearl Set,3400,instock,visible,publish,,Beautiful Pearl Necklace Set
10665,10665,"Double Line Pearl Set,Uncategorized",6100,instock,visible,publish,,Classy Pearl Necklace Set
10298,10298,Pearl Hanging,1299,instock,visible,publish,,Sparkling Stylish Pearl Hangings
10297,10297,Pearl Studs Earrings,1299,instock,visible,publish,,Designer Pearl Earrings
10294,10294,Pearl Studs Earrings,1299,instock,visible,publish,STUDS4,Beautiful Pearl Earrings
10291,10291,Pearl Hanging,1249,instock,visible,publish,,Attractive Pink Pearl hangings
10288,10288,Pearl Hanging,1249,instock,visible,publish,,Designer Pearl Hangings
10208,10208,Pearl Hanging,1249,instock,visible,publish,,Cute Pearl Hangings
10206,10206,Pearl Studs Earrings,1299,instock,visible,publish,,Designer Pearl Earrings
10205,10205,Pearl Studs Earrings,1299,instock,visible,publish,,Beautiful Pearl Earrings
10202,10202,Pearl Hanging,1249,instock,visible,publish,,Designer Pearl Hangings
10195,10195,Pearl Hanging,1249,instock,visible,publish,,Attractive Pink Pearl hangings
10117,10117,Ruby,114999,instock,visible,publish,,Gorgeous Blue Sapphire &amp; Pearl Necklace
10108,10108,Emerald,23999,instock,visible,publish,,Beautiful Emerald &amp; Pearl Necklace
10107,10107,"Designer sets,Exclusive Pearls Set,Fancy Pearls Sets,Plain Pink Pearl Set",19000,instock,visible,publish,,Magnificent Flora Pearl &amp; Oyster Necklace Set
10106,10106,"Exclusive Pearls Set,Long Pearl Set,Plain White Pearl Set",19499,instock,visible,publish,,Luxurious Pearl Necklace (AAA)
10104,10104,"Luxury Pearl Set,Plain Pink Pearl Set,Plain White Pearl Set",16900,instock,visible,publish,,Premium Pink Big Size Grading Pearl Necklace
10103,10103,Plain White Pearl Set,4990,instock,visible,publish,,Classic Grading Oval Pearl Necklace
10101,10101,Plain Pink Pearl Set,5000,instock,visible,publish,,Good-Looking Simple Pink Pearl Necklace
10100,10100,Plain Pink Pearl Set,2999,instock,visible,publish,,Delightful Pink Pearl Simple Necklace
10099,10099,Plain White Pearl Set,8001,instock,visible,publish,,Classy Rice Pearl Long Necklace
9715,9715,"Simple Pearl Necklace Set,Single Line Pearl Set",7999,instock,visible,publish,,Premium Round Pearl Beautiful Necklace
9700,9700,Single Line Pearl Set,3100,instock,visible,publish,,Gorgeous Pearl Necklace Set
9175,9175,"Baroque Pearls,Luxury Pearl Set,Plain White Pearl Set",14500,instock,visible,publish,COINBAROQUE,Luxurious Baroque Pearl Coin Shape
9158,9158,Rani Haar,14800,instock,visible,publish,,Classy Long Pearl Necklace Set
9157,9157,"Long Pearl Set,Rani Haar",12900,instock,visible,publish,,Designer Pearl Long Haar
8952,8952,Choker Set,4700,instock,visible,publish,,Beautiful Plain Pearl Choker Set
8388,8388,"Plain Black Pearl Set,Simple Pearl Necklace Set",7000,instock,visible,publish,,Elegant Black Rice Pearl Necklace
8387,8387,Ruby,16999,instock,visible,publish,,Premium Quality Classy Light Pink Ruby
8384,8384,Emerald,13100,instock,visible,publish,,Simple Emerald Necklace
8114,8114,Pearl Studs Earrings,1500,instock,visible,publish,,Plain Pearl Studs Original Big Size
7715,7715,Pearl Bangle,5899,instock,visible,publish,skp1525mj-1,Beautiful Pearl Bangle Premium 2.8 size
7407,7407,Uncategorized,450,instock,visible,publish,,Plain Pearl Tops
7391,7391,Pearl Hanging,1999,instock,visible,publish,SKPK9,Beautiful Oyster &amp; Pearl Flower Hanging
7390,7390,Pearl Hanging,1900,instock,visible,publish,,Beautiful Oyster & Pearl Hanging
6631,6631,"Pearl Studs Earrings,Uncategorized",1150,instock,visible,publish,,Classy Pink Button Tops
6399,6399,"Exclusive Pearls Set,Three Line Pearl Necklace set",14500,instock,visible,publish,,Exclusive Pink Peacock Necklace
6394,6394,Pearl Studs Earrings,900,instock,visible,publish,,Black Pearl Tops
6365,6365,Three Line Pearl Necklace set,18900,instock,visible,publish,PEACOCKWHITE,Beautiful Peacock Necklace
6361,6361,Pearl Bracelet,5100,instock,visible,publish,,Classy Round Pearl Bracelet 10mm
6358,6358,Plain White Pearl Set,10500,instock,visible,publish,,Classy White Round Pearl 10mm
6357,6357,Plain Black Pearl Set,10800,instock,visible,publish,,Black Pearl Round 7-8mm
6354,6354,Plain Black Pearl Set,16100,instock,visible,publish,,Black Pearl Round 10mm
6121,6121,92.5 Silver Pearl Jewellery,3800,instock,visible,publish,SILVERPEARLDROP3,92.5 Silver Chain Beautiful Pink Pearl
6074,6074,Designer sets,13900,instock,visible,publish,,Oyster Pearl Necklace
5997,5997,Plain White Pearl Set,6999,instock,visible,publish,GRADING,Classy Round Pearl Grading
5994,5994,Plain Pink Pearl Set,3600,instock,visible,publish,SKPK8,Beautiful Pink Pearl Necklace
5990,5990,Plain White Pearl Set,6999,instock,visible,publish,,Simple Pearl Set Three Line Half Round Shape
5986,5986,Plain White Pearl Set,6999,instock,visible,publish,RICEPEARLBIG,Simple Plain Pearl Three Line Oval Shape
5985,5985,"Plain Pink Pearl Set,Plain White Pearl Set",5800,instock,visible,publish,,Exotic Pearl Rainbow Set
5984,5984,"Plain Pink Pearl Set,Plain White Pearl Set",6800,instock,visible,publish,,Best Pearl Necklace Set
5983,5983,"Plain Pink Pearl Set,Plain White Pearl Set",5500,instock,visible,publish,,Simple Pearl Necklace White & Pink
5982,5982,"Plain Pink Pearl Set,Plain White Pearl Set",5500,instock,visible,publish,,Designer Pearl & Stone Set
5967,5967,"Plain Pink Pearl Set,Plain White Pearl Set",7800.00,instock,visible,publish,,Classy Pearl Rainbow Set
5959,5959,Uncategorized,6800,instock,visible,publish,,Exclusive Oyster Pearl Necklace
5865,5865,Long Pearl Set,18900,instock,visible,publish,,Simple Long Pearl Set
5600,5600,Choker Set,7699,instock,visible,publish,,Designer Pearl Choker Red
5498,5498,Pearl Bangle,5899,instock,visible,publish,skp1525mj,Beautiful Pearl Bangle Premium 2.6 size
5493,5493,"Pearl Studs Earrings,Precious Stones Studs",1700,instock,visible,publish,,Ruby Pearl Studs
5478,5478,"Pearl Studs Earrings,Precious Stones Studs",1450,instock,visible,publish,,Pearl And Coral Studs
5085,5085,Plain Pink Pearl Set,16900,instock,visible,publish,,Pink Round Pearl Necklace 14MM
5082,5082,Plain Pink Pearl Set,13500,instock,visible,publish,,Gorgeous Pink Round Necklace 12MM
5077,5077,"Exclusive Pearls Set,Plain White Pearl Set,Simple Pearl Necklace Set",11000,instock,visible,publish,RUBYPEARLTHREELINE,Beautiful Pearl &amp; Ruby Necklace
5051,5051,Pearl Bracelet,2500,instock,visible,publish,,Round Grading Pearl Bracelet
5050,5050,Pearl Bangle,2900,instock,visible,publish,,Button Pearl Bracelet
5046,5046,Pearl Bracelet,1850,instock,visible,publish,,Designer Pearl Bracelet
4986,4986,Single Line Pearl Set,3799,instock,visible,publish,SKPK7,Classy One Row Pearl Necklace
4761,4761,Pearl Bangle,2999,instock,visible,publish,,Black Pearl Bangle
4758,4758,Pearl Bangle,4900,instock,visible,publish,,Gray Pearl Bangle
4756,4756,"Choker Set,Necklace Set",6299,instock,visible,publish,SKPK5,Classy Pearl &amp; Cz Necklace
4710,4710,"Choker Set,Exclusive Pearls Set,Necklace Set",7599,instock,visible,publish,NECKLACERUBYPEARL,Designer Ruby &amp; Pearl Studded Necklace
4703,4703,"Broch Set,Exclusive Pearls Set",22999,instock,visible,publish,SKPK4,Exclusive Pearl Brooch Set
4674,4674,Fancy Pearl Set,5200,instock,visible,publish,,Fancy Baroque Pearl Set
4637,4637,Pearl Bangle,2599,instock,visible,publish,BANGLE1,Pearl Bangle
4636,4636,Pearl Bangle,2600,instock,visible,publish,Bangle,Pearl Bangle
4601,4601,"Long Pearl Set,Luxury Pearl Set,Plain Pink Pearl Set",16900,instock,visible,publish,,Original Pearl Pink Long Necklace
4600,4600,"Long Pearl Set,Plain White Pearl Set",15999,instock,visible,publish,,Original Pearl Long Necklace
4599,4599,"Long Pearl Set,Plain White Pearl Set",17999,instock,visible,publish,,Original Pearl Long Necklace
4505,4505,"Luxury Pearl Set,Plain Black Pearl Set",17900,instock,visible,publish,,Classy Jali Pearl Necklace Black
4504,4504,"Exclusive Pearls Set,Luxury Pearl Set,Plain Pearl Sets,Plain White Pearl Set",18800,instock,visible,publish,,Premium Design Jali Pearl Necklace
4361,4361,"Luxury Pearl Set,Plain White Pearl Set",14500,instock,visible,publish,,Premium Quality Round Grading Pearl
4360,4360,"Long Pearl Set,Plain Pink Pearl Set,Plain White Pearl Set",22000,instock,visible,publish,,Beautiful Multi Layer Pearl Set
4097,4097,Double Line Pearl Set,5600,instock,visible,publish,,Real Pearl Two Line Necklace
3925,3925,Pearl Bangle,2400,instock,visible,publish,,Pearl Bangle
3924,3924,Pearl Bangle,,instock,visible,publish,,Pearl Bangle
3923,3923,Pearl Bangle,,instock,visible,publish,,Pearl Bangle
3922,3922,Pearl Bangle,,instock,visible,publish,,Pearl Bangle
3921,3921,Pearl Bangle,,instock,visible,publish,,Pearl Bangle
3920,3920,Pearl Bangle,3600,instock,visible,publish,,Pearl Bangle
3917,3917,Pearl Bangle,,instock,visible,publish,,Pearl Bangle
3916,3916,Pearl Bangle,,instock,visible,publish,,Pearl Bangle
3915,3915,Pearl Bangle,3800,instock,visible,publish,,Pearl Bangle
3914,3914,Pearl Bangle,,instock,visible,publish,,Pearl Bangle
3891,3891,Pearl Bangle,3100,instock,visible,publish,,Pearl Bangles
3873,3873,Double Line Pearl Set,5499,instock,visible,publish,,Beautiful Pearl Necklace
3857,3857,"Broch Set,Luxury Pearl Set",18999,instock,visible,publish,,Natural Pearl Brooch Set
3803,3803,Plain Pink Pearl Set,11000,instock,visible,publish,,Original Pink Pearl Grading
3788,3788,"Emerald,Precious Stones,Ruby",29111.00,instock,visible,publish,,Real Emerald &amp; Ruby Necklace
3777,3777,"Precious Stones,Ruby,Uncategorized",42100,instock,visible,publish,,"Ruby,Emerald Multi"
3607,3607,"Pearl Bracelet,Pearl Earrings &amp; Bangles",1700,instock,visible,publish,,Fancy Pearl Bracelet
3604,3604,"Pearl Bracelet,Pearl Earrings &amp; Bangles",,instock,visible,publish,,Fancy Pearl Bracelet
3597,3597,"Pearl Bracelet,Pearl Earrings &amp; Bangles",2200,instock,visible,publish,,Fancy Pearl Bracelet
3595,3595,"Pearl Bracelet,Pearl Earrings &amp; Bangles",1699,instock,visible,publish,,Fancy Pearl Bracelet
3590,3590,"Plain Pearl Sets,Plain Pink Pearl Set",8100,instock,visible,publish,PINKROUND,Beautiful Round Pink Pearl 10mm
3584,3584,"Plain Pearl Sets,Plain Pink Pearl Set",19899,instock,visible,publish,,Two Row Pink Pearl
3574,3574,"92.5 Silver Pearl Jewellery,Hyderabadi Pearls",3900,instock,visible,publish,,92.5 Silver Pearl Chain
3572,3572,"92.5 Silver Pearl Jewellery,Hyderabadi Pearls",3999,instock,visible,publish,,92.5 Silver Pearl Chain Gray
3542,3542,"Plain Grey Pearl Set,Plain Pearl Sets",15600,instock,visible,publish,,Gray Round Pearl
3531,3531,Plain Grey Pearl Set,6000,instock,visible,publish,,Plain Gray Pearl
3529,3529,"Plain Grey Pearl Set,Plain Pearl Sets",6100,instock,visible,publish,SKPK2,Round Gray Pearl
3519,3519,"Plain Black Pearl Set,Plain Pearl Sets",9100,instock,visible,publish,SKPK3,Jade Black Long Set
3513,3513,"Plain Black Pearl Set,Plain Pearl Sets",4000,instock,visible,publish,,Round Pearl
3510,3510,"Plain Black Pearl Set,Plain Pearl Sets",4900,instock,visible,publish,,Round Black Pearl
3508,3508,"Plain Pearl Sets,Plain White Pearl Set",9990,instock,visible,publish,,Round Gradation Pearl
3506,3506,"Plain Pearl Sets,Plain White Pearl Set",11000,instock,visible,publish,,Elegant Flat Designer Pearl Necklace
3504,3504,"Plain Pearl Sets,Plain White Pearl Set",6499,instock,visible,publish,SKPK1,Simple Design Pearl Set
3500,3500,Plain White Pearl Set,42999,instock,visible,publish,,Round Pearl Knot Design
3494,3494,"Plain Pearl Sets,Plain White Pearl Set",14000,instock,visible,publish,,Classy Round Pearl
3488,3488,"Plain Pearl Sets,Plain White Pearl Set",10500,instock,visible,publish,,Two Layer Round Pearl
3486,3486,"Plain Pearl Sets,Plain White Pearl Set",4800,instock,visible,publish,,Two Row Pearl Set
3483,3483,"Plain White Pearl Set,Uncategorized",7500,instock,visible,publish,,Single Row Round Pearl
3479,3479,"Plain Pearl Sets,Plain White Pearl Set",1599,instock,visible,publish,,Plain White Pearl Set
3423,3423,"Plain Pearl Sets,Plain Pink Pearl Set,Plain White Pearl Set",19000,instock,visible,publish,skp956grp,Premium Round Grading Pearls Pink
3421,3421,"Plain Pearl Sets,Plain White Pearl Set",15100,instock,visible,publish,ROYALROUND,Two Layered Royal Round Pearl
3420,3420,"Plain Pearl Sets,Plain White Pearl Set",7700.00,instock,visible,publish,,10 MM White Round Pearl A Quality
3419,3419,"Plain Pearl Sets,Plain White Pearl Set",10500,instock,visible,publish,,Designer White Pink Pearl Set
3418,3418,"Plain Pearl Sets,Plain White Pearl Set",34000,instock,visible,publish,,Jali Work Oval Pearl Necklace
3417,3417,"Plain Pearl Sets,Plain White Pearl Set",8900,instock,visible,publish,,Seed Pearl Twister Necklace
3388,3388,"Precious Stones,Ruby",,instock,visible,publish,,Luxurious Ruby
3386,3386,"Precious Stones,Ruby",23900,instock,visible,publish,,Original Precious Ruby Stone
3376,3376,"Precious Stones,Ruby",31100,instock,visible,publish,,Original Precious Ruby Drops (awaze)
3375,3375,"Emerald,Precious Stones",,instock,visible,publish,,Luxury Emerald and Pearl
3374,3374,"Emerald,Precious Stones",46500,instock,visible,publish,,Premium Quality Emerald Set
3373,3373,"Emerald,Precious Stones",34499,instock,visible,publish,,Real Emerald Stone
3372,3372,"Emerald,Precious Stones",,instock,visible,publish,,Original Precious Emerald Drops (awaze)
3359,3359,"Emerald,Precious Stones",,instock,visible,publish,,Real Emerald Tumbled
3279,3279,"Pearl Earrings &amp; Bangles,Pearl Studs Earrings",650,instock,visible,publish,,Simple Pearl Studs Black
3268,3268,"Pearl Earrings &amp; Bangles,Pearl Studs Earrings",900,instock,visible,publish,,Simple Flower Pearl Studs Dark Pink
3265,3265,"Pearl Earrings &amp; Bangles,Pearl Studs Earrings",1800,instock,visible,publish,,Simple Flower Pearl Studs
3247,3247,"Pearl Earrings &amp; Bangles,Pearl Studs Earrings",900,instock,visible,publish,,Simple Flower Pearl Studs Pink
3245,3245,"Pearl Earrings &amp; Bangles,Pearl Studs Earrings",750,instock,visible,publish,,Simple Pearl Studs Pink
3243,3243,"Pearl Earrings &amp; Bangles,Pearl Studs Earrings",1199,instock,visible,publish,,Simple Pearl studs gray
3213,3213,"Button Pearl Set,Pearl Necklace Sets",7999,instock,visible,publish,,Button Pearl Zig Zag Set
3177,3177,"Double Line Pearl Set,Pearl Necklace Sets",5199,instock,visible,publish,,Classy Oval Pearl Double Line Set
